123,122,Aaron Baddeley,40,293.2,23455,80
41,40,Aaron Wise,46,302.4,27819,92
146,143,Abraham Ancer,46,290.9,26765,92
166,166,Adam Hadwin,43,288.9,16178,56
44,41,Adam Schenk,48,302.3,29022,96
18,20,Adam Scott,27,308.1,11706,38
174,171,Alex Cejka,33,287.2,18958,66
45,47,Alex Noren,35,302.2,14504,48
118,122,Andrew Landry,29,293.5,17025,58
106,100,Andrew Putnam,41,294.3,24135,82
157,160,Andrew Yun,23,290.1,13344,46
123,129,Anirban Lahiri,34,293.2,15245,52
145,153,Austin Cook,47,291,27355,94
69,75,Beau Hossler,50,298.9,29891,100
207,209,Ben Crane,33,275.6,15986,58
153,158,Ben Martin,42,290.4,24397,84
179,177,Ben Silverman,46,286.6,26365,92
82,77,Bill Haas,30,297.2,15452,52
103,110,Billy Horschel,26,294.8,15327,52
203,206,Billy Hurley III,31,279.4,17321,62
109,116,Blayne Barber,29,294.1,17056,58
84,88,Branden Grace,31,297.1,9506,32
48,50,Brandon Harkins,50,301.6,30163,100
157,147,Brandt Snedeker,30,290.1,17403,60
13,14,Brendan Steele,35,310.4,17383,56
154,155,Brett Stegmaier,37,290.3,21481,74
190,190,Brian Gay,42,283.9,23846,84
143,150,Brian Harman,42,291.1,17468,60
206,208,Brian Stuard,46,277.5,25527,92
97,98,Brice Garnett,46,295.6,27194,92
70,58,Bronson Burgoon,31,298.6,18516,62
32,34,Bryson DeChambeau,35,304.4,21309,70
3,4,Bubba Watson,38,316.2,19604,62
97,94,Bud Cauley,41,295.6,19508,66
20,15,Byeong Hun An,30,307.6,15996,52
143,142,C.T. Pan,43,291.1,20379,70
177,180,Cameron Percy,18,286.7,10322,36
75,82,Cameron Smith,39,298.1,15502,52
170,169,Cameron Tringale,39,288,22462,78
196,198,Camilo Villegas,45,281.5,20828,74
185,171,Chad Campbell,43,286.2,20032,70
55,58,Charl Schwartzel,29,299.9,8396,28
63,52,Charles Howell III,52,299.2,21541,72
53,54,Charley Hoffman,33,300.2,18013,60
75,80,Chesson Hadley,46,298.1,27427,92
162,154,Chez Reavie,51,289.9,20876,72
127,131,Chris Kirk,50,292.2,26883,92
195,193,Chris Stroud,40,282.2,18060,64
36,34,Cody Gribble,35,303.6,16393,54
209,211,Colt Knost,24,273.6,10944,40
150,157,Conrad Shindler,26,290.6,15113,52
51,51,Corey Conners,49,301,29499,98
200,202,D.A. Points,37,280.3,18497,66
81,79,Daniel Berger,37,297.3,15461,52
172,174,Daniel Summerhays,21,287.6,12080,42
196,190,Danny Lee,35,281.5,15203,54
193,193,David Hearn,26,282.9,14709,52
182,184,David Lingmerth,33,286.4,18902,66
149,155,Davis Love III,18,290.7,8139,28
130,138,Denny McCarthy,31,291.8,18090,62
163,165,Derek Fathauer,44,289.3,25462,88
89,73,Dominic Bozzelli,27,296.8,16027,54
12,13,Dustin Johnson,23,311,9952,32
91,83,Emiliano Grillo,44,296.3,21332,72
118,104,Ernie Els,24,293.5,14088,48
101,100,Ethan Tracy,36,295,21243,72
175,175,Fabián Gómez,43,287.1,24694,86
29,31,Francesco Molinari,25,305.3,10992,36
9,9,Gary Woodland,44,312.2,20608,66
202,204,Gavin Kyle Green,16,279.8,2238,8
188,183,Geoff Ogilvy,25,285.3,14266,50
160,161,Graeme McDowell,33,290,16820,58
29,27,Grayson Murray,44,305.3,21985,72
204,205,Greg Chalmers,40,279.3,22345,80
22,24,HaoTong Li,23,306.9,7365,24
27,32,Harold Varner III,45,305.6,22613,74
38,38,Harris English,42,303.4,25489,84
102,108,Hideki Matsuyama,24,294.9,7668,26
58,62,Hudson Swafford,40,299.8,16787,56
93,91,Hunter Mahan,39,296.1,23096,78
130,100,Ian Poulter,29,291.8,9339,32
40,48,J.B. Holmes,35,302.6,18763,62
173,168,J.J. Henry,34,287.3,19534,68
63,72,J.J. Spaun,33,299.2,19749,66
80,86,J.T. Poston,29,297.4,17247,58
74,58,James Hahn,47,298.3,21474,72
46,41,Jamie Lovemark,44,301.8,21732,72
10,10,Jason Day,23,312,7487,24
115,108,Jason Dufner,33,293.6,15266,52
16,17,Jason Kokrak,47,308.3,28977,94
121,125,Jhonattan Vegas,42,293.4,15845,54
111,121,Jim Herman,25,294,9997,34
77,85,Jimmy Walker,29,297.9,17277,58
130,131,Joel Dahmen,42,291.8,24509,84
165,164,John Huh,48,289,27743,96
205,203,Johnson Wagner,31,278.4,17263,62
208,210,Jon Curran,19,273.7,10401,38
23,26,Jon Rahm,31,306.7,14720,48
139,135,Jonas Blixt,33,291.3,14567,50
160,138,Jonathan Byrd,30,290,17400,60
181,176,Jonathan Randolph,33,286.5,18912,66
78,81,Jordan Spieth,31,297.8,16678,56
87,999,Julian Suri,17,296.9,8314,28
29,20,Justin Rose,24,305.3,12210,40
8,8,Justin Thomas,39,312.5,14999,48
192,188,K.J. Choi,28,283.1,13587,48
47,41,Keegan Bradley,43,301.7,19311,64
11,11,Keith Mitchell,40,311.6,24927,80
155,138,Kelly Kraft,48,290.2,23219,80
212,214,Ken Duke,19,268,10183,38
17,19,Kevin Chappell,37,308.2,20959,68
175,177,Kevin Kisner,34,287.1,15502,54
186,186,Kevin Na,37,285.8,14862,52
100,96,Kevin Streelman,50,295.3,29534,100
7,7,Kevin Tway,48,312.7,25018,80
109,120,Kiradech Aphibarnrat,19,294.1,5881,20
140,148,Kyle Stanley,41,291.2,13976,48
191,192,Kyle Thompson,22,283.5,12474,44
87,89,Lanto Griffin,34,296.9,20187,68
58,62,Louis Oosthuizen,18,299.8,8395,28
70,57,Lucas Glover,46,298.6,20306,68
169,171,Luke Donald,23,288.1,13251,46
4,3,Luke List,54,315.8,27158,86
147,148,Mackenzie Hughes,30,290.8,17449,60
53,54,Marc Leishman,37,300.2,15611,52
70,70,Martin Flores,45,298.6,24484,82
41,46,Martin Laird,29,302.4,17539,58
135,137,Martin Piller,43,291.6,25074,86
52,53,Matt Atkins,26,300.3,15617,52
126,122,Matt Every,49,293,28713,98
24,25,Matt Jones,32,305.8,19569,64
138,125,Matt Kuchar,36,291.4,16318,56
24,27,Maverick McNealy,16,305.8,9785,32
147,145,Michael Kim,36,290.8,18614,64
92,75,Michael Thompson,20,296.2,11849,40
105,116,Morgan Hoffmann,23,294.5,8836,30
115,105,Nate Lashley,35,293.6,20553,70
115,110,Nicholas Lindheim,33,293.6,19378,66
111,107,Nick Taylor,45,294,21758,74
18,15,Nick Watney,36,308.1,22181,72
55,58,Ollie Schniederjans,38,299.9,17994,60
118,119,Padraig Harrington,22,293.5,12914,44
155,159,Pat Perez,35,290.2,11609,40
33,36,Patrick Cantlay,31,304.3,14608,48
61,70,Patrick Reed,42,299.4,17964,60
61,73,Patrick Rodgers,51,299.4,25748,86
70,78,Patton Kizzire,45,298.6,25081,84
24,27,Paul Casey,31,305.8,9785,32
39,23,Paul Dunne,19,302.8,9084,30
182,179,Peter Malnati,39,286.4,22341,78
41,45,Peter Uihlein,41,302.4,18142,60
55,54,Phil Mickelson,38,299.9,18596,62
171,167,Rafa Cabrera Bello,33,287.8,10362,36
108,110,Retief Goosen,34,294.2,20005,68
151,145,Richy Werenski,44,290.5,23242,80
28,30,Rick Lamb,16,305.4,9772,32
114,118,Rickie Fowler,28,293.9,16458,56
168,170,Ricky Barnes,32,288.3,18454,64
198,201,Rob Oppenheim,40,281,22479,80
15,17,Robert Garrigus,39,308.7,24076,78
111,110,Robert Streb,35,294,15875,54
201,200,Roberto Díaz,39,280.1,21850,78
140,125,Rod Pampling,27,291.2,11066,38
5,6,Rory McIlroy,20,314.1,10681,34
134,130,Rory Sabbatini,46,291.7,26836,92
136,125,Russell Henley,35,291.5,13993,48
106,103,Russell Knox,46,294.3,24720,84
199,199,Ryan Armour,53,280.7,29752,106
167,162,Ryan Blaum,36,288.6,20778,72
179,182,Ryan Moore,28,286.6,16051,56
6,5,Ryan Palmer,22,313,13774,44
21,22,Sam Burns,22,307.5,13530,44
85,83,Sam Ryder,36,297,21387,72
50,44,Sam Saunders,38,301.3,22899,76
85,89,Sangmoon Bae,31,297,16037,54
140,133,Scott Brown,50,291.2,24458,84
123,115,Scott Piercy,40,293.2,21111,72
68,69,Scott Stallings,48,299,26315,88
66,62,Seamus Power,39,299.1,23327,78
79,62,Sean O'Hair,34,297.5,20229,68
58,62,Sergio Garcia,16,299.8,7194,24
94,92,Shane Lowry,26,296,15394,52
94,92,Shawn Stefani,38,296,22494,76
127,135,Si Woo Kim,46,292.2,17532,60
99,96,Smylie Kaufman,36,295.4,21269,72
66,62,Stephan Jaeger,45,299.1,26923,90
194,196,Steve Wheatcroft,28,282.8,15834,56
94,99,Stewart Cink,39,296,18349,62
104,105,Sung Kang,43,294.7,20627,70
63,68,Talor Gooch,47,299.2,28126,94
187,187,"Ted Potter, Jr.",35,285.5,19983,70
35,33,Thomas Pieters,31,304,9727,32
34,37,Tiger Woods,18,304.2,10950,36
157,150,Tom Hoge,51,290.1,29593,102
14,12,Tom Lovelady,43,309.8,26644,86
48,49,Tommy Fleetwood,23,301.6,9652,32
1,1,Tony Finau,43,321.1,20548,64
2,2,Trey Mullinax,29,318,18444,58
90,94,Troy Merritt,45,296.4,26680,90
122,110,Tyler Duncan,44,293.3,25809,88
164,163,Tyrone Van Aswegen,56,289.2,32105,111
82,87,Tyrrell Hatton,18,297.2,5944,20
182,184,Vaughn Taylor,39,286.4,22338,78
130,141,Webb Simpson,35,291.8,18675,64
211,213,Wesley Bryan,30,272.8,9820,36
189,189,Whee Kim,41,284.6,18782,66
129,133,William McGirt,38,292,22192,76
37,39,Xander Schauffele,37,303.5,13353,44
151,150,Xinjun Zhang,43,290.5,22662,78
210,212,Zac Blair,26,273.1,14200,52
136,143,Zach Johnson,35,291.5,18658,64
177,180,Zecheng Dou,28,286.7,13763,48
"
",,,,,,
